{
    "Cast and Characters": {
        "brendan": 46.14171612406061,
        "fraser": 28.563919505370855,
        "butt": 26.366694928034633,
        "fraser's": 24.169470350698415,
        "wore": 21.972245773362197,
        "dicaprio": 19.775021196025975,
        "niro": 16.479184330021646,
        "leonardo": 15.380572041353537,
        "robert": 15.040773967762743,
        "cinematographer": 13.183347464017316
    },
    "Cast references unrelated": {
        "former": 26.366694928034633,
        "assistant": 26.366694928034633,
        "robert": 25.56931574519666,
        "travis": 22.706046054057204,
        "dates": 22.561160951644112,
        "niro's": 19.775021196025975,
        "tour": 18.80917327686781,
        "kelce": 18.22138661196569,
        "de": 16.218604324326577,
        "tarantino": 13.536696570986468
    },
    "Comparison to other movies": {
        "screambox": 10.986122886681098,
        "bass": 8.788898309344878,
        "predictions": 8.788898309344878,
        "conjuring": 8.788898309344878,
        "streaming": 7.298371945946959,
        "paranormal": 6.591673732008658,
        "vaughn": 6.591673732008658,
        "quigley's": 6.591673732008658,
        "poltergeist": 6.591673732008658,
        "box": 6.48744172973063
    },
    "Critical Reviews and Ratings": {
        "devery": 21.972245773362197,
        "jacobs": 20.873633484694086,
        "dogs'": 10.986122886681098,
        "reservation": 10.542092810812274,
        "gen": 8.788898309344878,
        "hellfire'": 8.788898309344878,
        "believer": 8.788898309344878,
        "our": 7.641226643727547,
        "slams": 6.591673732008658,
        "breach": 6.591673732008658
    },
    "Plot and Production": {
        "footage": 17.577796618689757,
        "outtakes": 13.183347464017316,
        "cut": 10.986122886681098,
        "friedkin's": 8.788898309344878,
        "minutes": 7.690286020676768,
        "seen": 7.690286020676768,
        "osage": 6.591673732008658,
        "rare": 6.591673732008658,
        "happen": 6.591673732008658,
        "cgi": 6.591673732008658
    },
    "Public Reception and Media Coverage": {
        "gotham": 35.15559323737951,
        "awards": 28.57747053874921,
        "nominations": 24.169470350698415,
        "box": 21.489650729732713,
        "office": 21.08418562162455,
        "tour": 18.22138661196569,
        "global": 18.04892876131529,
        "nights": 17.843324407944337,
        "'five": 16.218604324326577,
        "million": 15.407674108110246
    },
    "Themes and Messages": {
        "osage": 35.15559323737951,
        "indigenous": 13.536696570986468,
        "chief": 13.183347464017316,
        "geoffrey": 10.986122886681098,
        "murders": 9.887510598012987,
        "credits": 6.591673732008658,
        "oil": 6.591673732008658,
        "members": 6.016309587105097,
        "bear": 6.016309587105097,
        "reservation": 5.676511513514301
    },
    "Unrelated": {
        "price": 19.775021196025975,
        "app": 15.380572041353537,
        "music": 13.536696570986468,
        "99": 13.183347464017316,
        "crunchyroll": 13.183347464017316,
        "apple": 11.167946633140263,
        "events": 10.986122886681098,
        "chalamet": 10.986122886681098,
        "imax": 10.986122886681098,
        "echo": 9.887510598012987
    },
    "duplicate": {
        "devery": 3.295836866004329,
        "jacobs": 3.295836866004329,
        "strong": 2.1972245773362196,
        "status": 2.1972245773362196,
        "germany": 2.1972245773362196,
        "unre...": 2.1972245773362196,
        "dignity": 2.1972245773362196,
        "horrific": 2.1972245773362196,
        "deaths": 2.1972245773362196,
        "impassioned": 2.1972245773362196
    }
}
